hip,bayer,con
88,Tau,Phe
122,The,Oct
183,Zet,Scl
677,Alp,And
746,Bet,Cas
761,Kap-1,Scl
765,Eps,Phe
814,Gam-3,Oct
930,Kap-2,Scl
950,The,Scl
1067,Gam,Peg
1168,Chi,Peg
1366,The,And
1473,Sig,And
1562,Iot,Cet
1599,Zet,Tuc
1647,Pi,Tuc
1686,Rho,And
1708,Iot,Scl
2021,Bet,Hyi
2072,Kap,Phe
2081,Alp,Phe
2210,Eta,Scl
2472,Lam-1,Phe
2484,Bet-1,Tuc
2487,Bet-2,Tuc
2505,Lam,Cas
2578,Bet-3,Tuc
2599,Kap,Cas
2629,The,Tuc
2802,Lam-2,Phe
2912,Pi,And
2920,Zet,Cas
3031,Eps,And
3092,Del,And
3179,Alp,Cas
3245,Mu,Phe
3277,Xi,Phe
3300,Xi,Cas
3330,Rho,Tuc
3356,Lam-1,Scl
3405,Eta,Phe
3414,Pi,Cas
3419,Bet,Cet
3455,Phi-1,Cet
3456,Lam-2,Scl
3504,Omi,Cas
3693,Zet,And
3781,Lam,Hyi
3786,Del,Psc
3801,Nu,Cas
3821,Eta,Cas
3881,Nu,And
3909,Phi-2,Cet
3949,Rho,Phe
4084,Lam-1,Tuc
4292,Ups-1,Cas
4293,Lam-2,Tuc
4371,Phi-3,Cet
4422,Ups-2,Cas
4427,Gam,Cas
4436,Mu,And
4463,Eta,And
4577,Alp,Scl
4587,Phi-4,Cet
4770,Xi,Scl
4829,Ome,Phe
4852,Sig,Scl
4889,Sig,Psc
4906,Eps,Psc
5131,Psi-1,Psc
5132,Psi-1,Psc
5165,Bet,Phe
5268,Iot,Tuc
5300,Ups,Phe
5310,Psi-2,Psc
5336,Mu,Cas
5348,Zet,Phe
5364,Eta,Cet
5434,Phi,And
5447,Bet,And
5454,Psi-3,Psc
5542,The,Cas
5571,Chi,Psc
5586,Tau,Psc
5737,Zet,Psc
5742,Phi,Psc
5743,Zet,Psc
5862,Nu,Phe
5896,Kap,Tuc
6193,Ups,Psc
6242,Phi,Cas
6411,Xi,And
6537,The,Cet
6686,Del,Cas
6692,Psi,Cas
6706,Rho,Psc
6813,Ome,And
6867,Gam,Phe
7007,Mu,Psc
7083,Del,Phe
7097,Eta,Psc
7294,Chi,Cas
7463,Tau,Scl
7513,Ups,And
7535,Pi,Psc
7588,Alp,Eri
7719,Chi,And
7818,Tau,And
7879,Tau-1,Hyi
7884,Nu,Psc
7955,Pi,Scl
8068,Phi,Per
8102,Tau,Cet
8198,Omi,Psc
8209,Eps,Scl
8366,Tau-2,Hyi
8497,Chi,Cet
8645,Zet,Cet
8751,Eta-1,Hyi
8796,Alp,Tri
8832,Gam-2,Ari
8833,Xi,Psc
8837,Psi,Phe
8882,Phi,Phe
8886,Eps,Cas
8903,Bet,Ari
8928,Eta-2,Hyi
8991,Sig,Hyi
9007,Chi,Eri
9009,Ome,Cas
9110,Iot,Ari
9153,Lam,Ari
9236,Alp,Hyi
9347,Ups,Cet
9440,Pi,For
9459,Chi,Phe
9487,Alp,Psc
9570,Eps,Tri
9640,Gam-1,And
9677,Nu,For
9836,Kap,Ari
9884,Alp,Ari
10064,Bet,Tri
10306,Eta,Ari
10320,Mu,For
10324,Xi-1,Cet
10418,Pi-1,Hyi
10513,Pi-2,Hyi
10602,Phi,Eri
10644,Del,Tri
10670,Gam,Tri
10732,The,Ari
10826,Omi,Cet
11001,Del,Hyi
11072,Kap,For
11095,Kap,Hyi
11249,Xi,Ari
11258,Lam,Hor
11345,Rho,Cet
11407,Kap,Eri
11477,Phi,For
11484,Xi-2,Cet
11569,Iot,Cas
11757,Mu,Hyi
11767,Alp,UMi
11783,Sig,Cet
11867,Lam-1,For
11918,Ome,For
12093,Nu,Cet
12122,Iot-1,For
12186,Lam-2,For
12225,Eta,Hor
12288,Iot-2,For
12332,Nu,Ari
12387,Del,Cet
12390,Eps,Cet
12394,Eps,Hyi
12484,Zet,Hor
12486,Iot,Eri
12640,Mu,Ari
12653,Iot,Hor
12706,Gam,Cet
12770,Pi,Cet
12777,The,Per
12803,Omi,Ari
12828,Mu,Cet
12843,Tau-1,Eri
12871,Gam,Hor
12876,Zet,Hyi
13040,Eta-1,For
13141,Nu,Hor
13147,Bet,For
13165,Pi,Ari
13197,Gam-1,For
13202,Gam-2,For
13225,Eta-2,For
13244,Nu,Hyi
13265,Eta-3,For
13268,Eta,Per
13288,Tau-2,Eri
13327,Sig,Ari
13473,Psi,For
13531,Tau,Per
13579,Rho-1,Ari
13654,Rho-2,Ari
13701,Eta,Eri
13702,Rho-3,Ari
13847,The-1,Eri
13879,Pi,Per
13884,Bet,Hor
13914,Eps,Ari
13942,Zet,For
13954,Lam,Cet
14060,Rho-1,Eri
14086,Eps,For
14131,The,Hyi
14135,Alp,Cet
14146,Tau-3,Eri
14168,Rho-2,Eri
14240,Mu,Hor
14293,Rho-3,Eri
14328,Gam,Per
14354,Rho,Per
14576,Bet,Per
14632,Iot,Per
14668,Kap,Per
14817,Ome,Per
14838,Del,Ari
14879,Alp,For
15110,Zet,Ari
15197,Zet,Eri
15201,Iot,Hyi
15330,Zet-1,Ret
15371,Zet-2,Ret
15457,Kap-1,Cet
15474,Tau-4,Eri
15619,Kap-2,Cet
15627,Tau-1,Ari
15737,Tau-2,Ari
15863,Alp,Per
15900,Omi,Tau
15987,Chi-1,For
16083,Xi,Tau
16112,Chi-2,For
16156,Chi-3,For
16245,Kap,Ret
16335,Sig,Per
16537,Eps,Eri
16611,Tau-5,Eri
16826,Psi,Per
17007,Tau,For
17304,Del,For
17358,Del,Per
17378,Del,Eri
17440,Bet,Ret
17448,Omi,Per
17529,Nu,Per
17593,Pi,Eri
17618,Sig,For
17651,Tau-6,Eri
17678,Gam,Hyi
17702,Eta,Tau
17717,Tau-7,Eri
17738,Rho,For
17959,Gam,Cam
18216,Tau-8,Eri
18246,Zet,Per
18532,Eps,Per
18543,Gam,Eri
18597,Del,Ret
18614,Xi,Per
18673,Tau-9,Eri
18724,Lam,Tau
18744,Gam,Ret
18772,Iot,Ret
18907,Nu,Tau
19167,Lam,Per
19205,Psi,Tau
19388,Ome-1,Tau
19515,Del,Hor
19587,Omi-1,Eri
19747,Alp,Hor
19780,Alp,Ret
19812,Mu,Per
19849,Omi-2,Eri
19860,Mu,Tau
19893,Gam,Dor
19921,Eps,Ret
19990,Ome-2,Tau
20020,The,Ret
20042,Ups-4,Eri
20049,Del,Men
20205,Gam,Tau
20250,Phi,Tau
20297,Nu,Men
20384,Eta,Ret
20430,Chi,Tau
20455,Del-1,Tau
20507,Xi,Eri
20542,Del-2,Tau
20635,Kap-1,Tau
20641,Kap-2,Tau
20648,Del-3,Tau
20711,Ups,Tau
20732,Pi,Tau
20885,The-1,Tau
20889,Eps,Tau
20894,The-2,Tau
21060,Del,Cae
21248,Ups-1,Eri
21273,Rho,Tau
21281,Alp,Dor
21393,Ups-2,Eri
21421,Alp,Tau
21444,Nu,Eri
21673,Sig-1,Tau
21683,Sig-2,Tau
21770,Alp,Cae
21861,Bet,Cae
21881,Tau,Tau
21914,Lam,Pic
21949,Mu,Men
22040,Kap,Dor
22109,Mu,Eri
22280,Zet,Cae
22449,Pi-3,Ori
22509,Pi-2,Ori
22531,Iot,Pic
22534,Iot,Pic
22549,Pi-4,Ori
22667,Omi-1,Ori
22701,Ome,Eri
22783,Alp,Cam
22797,Pi-5,Ori
22845,Pi-1,Ori
22871,Eta,Men
22957,Omi-2,Ori
23015,Iot,Aur
23123,Pi-6,Ori
23148,Xi,Men
23179,Ome,Aur
23364,Psi,Eri
23416,Eps,Aur
23453,Zet,Aur
23467,Bet,Men
23482,Eta-1,Pic
23497,Iot,Tau
23522,Bet,Cam
23595,Gam-1,Cae
23596,Gam-2,Cae
23649,Eta-2,Pic
23685,Eps,Lep
23693,Zet,Dor
23767,Eta,Aur
23875,Bet,Eri
23972,Lam,Eri
24244,Iot,Lep
24305,Mu,Lep
24327,Kap,Lep
24331,Rho,Ori
24340,Mu,Aur
24372,The,Dor
24436,Bet,Ori
24608,Alp,Aur
24659,Omi,Col
24674,Tau,Ori
24813,Lam,Aur
24829,Zet,Pic
24845,Lam,Lep
24873,Nu,Lep
25048,Rho,Aur
25098,Kap,Pic
25281,Eta,Ori
25292,Sig,Aur
25302,Psi-1,Ori
25303,The,Pic
25336,Gam,Ori
25428,Bet,Tau
25429,Lam,Dor
25473,Psi-2,Ori
25541,Phi,Aur
25606,Bet,Lep
25859,Eps,Col
25918,Gam,Men
25923,Ups,Ori
25930,Del,Ori
25984,Chi,Aur
25985,Alp,Lep
26069,Bet,Dor
26176,Phi-1,Ori
26207,Lam,Ori
26220,The-1,Ori
26221,The-1,Ori
26224,The-1,Ori
26235,The-2,Ori
26241,Iot,Ori
26264,Iot,Men
26311,Eps,Ori
26366,Phi-2,Ori
26394,Pi,Men
26412,Nu-1,Col
26451,Zet,Tau
26460,Nu-2,Col
26549,Sig,Ori
26594,Ome,Ori
26634,Alp,Col
26727,Zet,Ori
27072,Gam,Lep
27100,Del,Dor
27196,Omi,Aur
27204,Mu,Col
27288,Zet,Lep
27321,Bet,Pic
27366,Kap,Ori
27369,Lam,Men
27483,Tau,Aur
27530,Gam,Pic
27534,Eps,Dor
27566,Kap,Men
27628,Bet,Col
27639,Ups,Aur
27654,Del,Lep
27673,Nu,Aur
27810,Lam,Col
27913,Chi-1,Ori
27949,Xi,Aur
27989,Alp,Ori
28010,Xi,Col
28098,Sig,Col
28103,Eta,Lep
28199,Gam,Col
28328,Eta,Col
28358,Del,Aur
28360,Bet,Aur
28380,The,Aur
28404,Pi,Aur
28614,Mu,Ori
28716,Chi-2,Ori
28910,The,Lep
28909,Eta-1,Dor
28957,Pi-1,Col
29034,The,Col
29038,Nu,Ori
29064,Pi-2,Col
29134,Nu,Dor
29271,Alp,Men
29276,Del,Pic
29353,Eta-2,Dor
29426,Xi,Ori
29651,Gam,Mon
29655,Eta,Gem
29696,Kap,Aur
29807,Kap,Col
30122,Zet,CMa
30277,Del,Col
30321,Pi-1,Dor
30324,Bet,CMa
30342,Nu,Pic
30343,Mu,Gem
30419,Eps,Mon
30438,Alp,Car
30520,Psi-1,Aur
30565,Pi-2,Dor
30788,Lam,CMa
30867,Bet,Mon
30883,Nu,Gem
31125,Xi-1,CMa
31137,Mu,Pic
31416,Xi-2,CMa
31564,Nu-1,CMa
31592,Nu-2,CMa
31681,Gam,Gem
31685,Nu,Pup
31700,Nu-3,CMa
31789,Psi-3,Aur
31832,Psi-2,Aur
31897,Zet,Men
32173,Psi-4,Aur
32246,Eps,Gem
32349,Alp,CMa
32362,Xi,Gem
32480,Psi-5,Aur
32562,Psi-6,Aur
32607,Alp,Pic
32759,Kap,CMa
32768,Tau,Pup
32844,Psi-7,Aur
32912,Iot,Vol
33018,The,Gem
33133,Psi-8,Aur
33152,Omi-1,CMa
33160,The,CMa
33302,Pi,CMa
33345,Mu,CMa
33347,Iot,CMa
33377,Psi-9,Aur
33384,The,Men
33579,Eps,CMa
33856,Sig,CMa
33927,Ome,Gem
33977,Omi-2,CMa
34045,Gam,CMa
34088,Zet,Gem
34444,Del,CMa
34473,Gam-1,Vol
34481,Gam-2,Vol
34693,Tau,Gem
34769,Del,Mon
35037,Ome,CMa
35228,Del,Vol
35264,Pi,Pup
35350,Lam,Gem
35415,Tau,CMa
35550,Del,Gem
35904,Eta,CMa
36039,Eps,Men
36041,Eps,CMi
36046,Iot,Gem
36188,Bet,CMi
36265,Eta,CMi
36284,Gam,CMi
36366,Rho,Gem
36377,Sig,Pup
36641,Del-1,CMi
36723,Del-2,CMi
36812,Del-3,CMi
36850,Alp,Gem
36962,Ups,Gem
37265,Omi,Gem
37279,Alp,CMi
37447,Alp,Mon
37504,Zet,Vol
37629,Sig,Gem
37740,Kap,Gem
37826,Bet,Gem
38016,Pi,Gem
38070,Omi,Pup
38170,Xi,Pup
38373,Zet,CMi
38538,Phi,Gem
38827,Chi,Car
39191,Ome-1,Cnc
39263,Ome-2,Cnc
39424,Chi,Gem
39429,Zet,Pup
39659,Mu-1,Cnc
39757,Rho,Pup
39780,Mu-2,Cnc
39794,Eps,Vol
39863,Zet,Mon
39953,Gam-2,Vel
40023,Psi,Cnc
40167,Zet-2,Cnc
40526,Bet,Cnc
40702,Alp,Cha
40817,Kap-1,Vol
40834,Kap-2,Vol
40843,Chi,Cnc
40881,Lam,Cnc
40888,The,Cha
41003,Eta,Vol
41037,Eps,Car
41312,Bet,Vol
41377,Phi-1,Cnc
41404,Phi-2,Cnc
41704,Omi,UMa
41816,Ups-1,Cnc
41822,The,Cnc
41909,Eta,Cnc
41940,Ups-2,Cnc
42313,Del,Hya
42334,Eta,Pyx
42402,Sig,Hya
42425,The,Vol
42438,Pi-1,UMa
42483,Zet,Pyx
42515,Bet,Pyx
42527,Pi-2,UMa
42536,Omi,Vel
42556,Eps,Cnc
42637,Eta,Cha
42799,Eta,Hya
42806,Gam,Cnc
42828,Alp,Pyx
42911,Del,Cnc
42913,Del,Vel
43100,Iot,Cnc
43103,Iot,Cnc
43109,Eps,Hya
43234,Rho,Hya
43409,Gam,Pyx
43584,Sig-1,Cnc
43587,Rho-1,Cnc
43813,Zet,Hya
43825,Del,Pyx
43834,Rho-2,Cnc
43908,Zet,Oct
43932,Sig-2,Cnc
43970,Omi-1,Cnc
44001,Omi-2,Cnc
44066,Alp,Cnc
44127,Iot,UMa
44154,Sig-3,Cnc
44382,Alp,Vol
44390,Rho,UMa
44405,Nu,Cnc
44471,Kap,UMa
44659,Ome,Hya
44798,Kap,Cnc
44816,Lam,Vel
44818,Tau,Cnc
44824,Kap,Pyx
44857,Sig-1,UMa
44946,Xi,Cnc
45001,Eps,Pyx
45038,Sig-2,UMa
45075,Tau,UMa
45170,Pi-1,Cnc
45238,Bet,Car
45336,The,Hya
45410,Pi-2,Cnc
45556,Iot,Car
45860,Alp,Lyn
45902,The,Pyx
45941,Kap,Vel
46026,Lam,Pyx
46107,Iot,Cha
46146,Kap,Leo
46390,Alp,Hya
46454,Ome,Leo
46509,Tau-1,Hya
46515,Eps,Ant
46651,Psi,Vel
46657,Zet-1,Ant
46734,Zet-2,Ant
46750,Lam,Leo
46771,Xi,Leo
46776,Tau-2,Hya
46853,The,UMa
46928,Zet,Cha
47431,Iot,Hya
47452,Kap,Hya
47508,Omi,Leo
47723,Psi,Leo
47758,The,Ant
47908,Eps,Leo
47956,Nu,Cha
48002,Ups,Car
48319,Ups,UMa
48356,Ups-1,Hya
48402,Phi,UMa
48437,Gam,Sex
48455,Mu,Leo
48774,Phi,Vel
48883,Nu,Leo
48926,Eta,Ant
49029,Pi,Leo
49065,Mu-1,Cha
49326,Mu-2,Cha
49402,Ups-2,Hya
49583,Eta,Leo
49641,Alp,Sex
49669,Alp,Leo
49841,Lam,Hya
50099,Ome,Car
50335,Zet,Leo
50372,Lam,UMa
50414,Eps,Sex
50583,Gam-1,Leo
50801,Mu,UMa
51069,Mu,Hya
51172,Alp,Ant
51233,Bet,LMi
51362,Del,Sex
51376,Del,Ant
51437,Bet,Sex
51614,Phi-1,Hya
51624,Rho,Leo
51839,Gam,Cha
51905,Phi-2,Hya
52085,Phi-3,Hya
52419,The,Car
52595,Del-1,Cha
52633,Del-2,Cha
52727,Mu,Vel
52943,Nu,Hya
53295,Ome,UMa
53502,Iot,Ant
53702,Eta,Oct
53740,Alp,Crt
53910,Bet,UMa
54061,Alp,UMa
54182,Chi,Leo
54204,Chi-1,Hya
54255,Chi-2,Hya
54539,Psi,UMa
54682,Bet,Crt
54742,Psi,Crt
54872,Del,Leo
54879,The,Leo
55084,Phi,Leo
55219,Nu,UMa
55282,Del,Crt
55425,Pi,Cen
55434,Sig,Leo
55598,Lam,Crt
55642,Iot,Leo
55687,Eps,Crt
55705,Gam,Crt
55874,Kap,Crt
55945,Tau,Leo
56211,Lam,Dra
56243,Omi-1,Cen
56250,Omi-2,Cen
56343,Xi,Hya
56561,Lam,Cen
56633,The,Crt
56647,Ups,Leo
56675,Pi,Cha
56779,Ome,Vir
56802,Iot,Crt
56922,Omi,Hya
57283,Zet,Crt
57328,Xi,Vir
57363,Lam,Mus
57380,Nu,Vir
57399,Chi,UMa
57581,Mu,Mus
57632,Bet,Leo
57757,Bet,Vir
57936,Bet,Hya
58001,Gam,UMa
58188,Eta,Crt
58484,Eps,Cha
58590,Pi,Vir
58758,The-1,Cru
58867,The-2,Cru
58905,Kap,Cha
58948,Omi,Vir
59072,Eta,Cru
59196,Del,Cen
59199,Alp,Crv
59316,Eps,Crv
59449,Rho,Cen
59747,Del,Cru
59774,Del,UMa
59803,Gam,Crv
59929,Eps,Mus
60000,Bet,Cha
60009,Zet,Cru
60129,Eta,Vir
60189,Zet,Crv
60260,Eps,Cru
60320,Zet-2,Mus
60329,Zet-1,Mus
60718,Alp-1,Cru
60742,Gam,Com
60823,Sig,Cen
60965,Del,Crv
61084,Gam,Cru
61174,Eta,Crv
61199,Gam,Mus
61281,Kap,Dra
61317,Bet,CVn
61359,Bet,Crv
61585,Alp,Mus
61622,Tau,Cen
61740,Chi,Vir
61932,Gam,Cen
61941,Gam,Vir
61960,Rho,Vir
62268,Iot,Cru
62322,Bet,Mus
62434,Bet,Cru
62931,Kap,Cru
62956,Eps,UMa
62985,Psi,Vir
63003,Mu-1,Cru
63005,Mu-2,Cru
63007,Lam,Cru
63031,Iot,Oct
63090,Del,Vir
63121,Alp-1,CVn
63125,Alp-2,CVn
63608,Eps,Vir
63613,Del,Mus
63724,Xi-1,Cen
64004,Xi-2,Cen
64094,The,Mus
64166,Psi,Hya
64238,The,Vir
64241,Alp,Com
64394,Bet,Com
64661,Eta,Mus
64852,Sig,Vir
64962,Gam,Hya
65109,Iot,Cen
65378,Zet,UMa
65468,Iot-1,Mus
65474,Alp,Vir
65628,Iot-2,Mus
66249,Zet,Vir
66657,Eps,Cen
66753,Kap,Oct
67275,Tau,Boo
67301,Eta,UMa
67459,Ups,Boo
67464,Nu,Cen
67472,Mu,Cen
67927,Eta,Boo
68002,Zet,Cen
68245,Phi,Cen
68282,Ups-1,Cen
68520,Tau,Vir
68523,Ups-2,Cen
68702,Bet,Cen
68756,Alp,Dra
68815,The,Aps
68862,Chi,Cen
68895,Pi,Hya
68933,The,Cen
69427,Kap,Vir
69481,Kap-1,Boo
69483,Kap-2,Boo
69673,Alp,Boo
69701,Iot,Vir
69713,Iot,Boo
69732,Lam,Boo
69896,Eta,Aps
69974,Lam,Vir
69996,Iot,Lup
70012,Ups,Vir
70090,Psi,Cen
70248,Eps,Aps
70497,The,Boo
70574,Tau-1,Lup
70576,Tau-2,Lup
70638,Del,Oct
70755,Phi,Vir
71053,Rho,Boo
71075,Gam,Boo
71121,Sig,Lup
71284,Sig,Boo
71352,Eta,Cen
71536,Rho,Lup
71681,Alp-2,Cen
71683,Alp-1,Cen
71762,Pi-1,Boo
71795,Zet,Boo
71860,Alp,Lup
71908,Alp,Cir
71957,Mu,Vir
72105,Eps,Boo
72125,Omi,Boo
72370,Alp,Aps
72489,Mu,Lib
72603,Alp-1,Lib
72607,Bet,UMi
72622,Alp-2,Lib
72659,Xi,Boo
72683,Omi,Lup
72934,Xi-1,Lib
72965,Zet,Cir
73129,The,Cir
73133,Xi-2,Lib
73273,Bet,Lup
73334,Kap,Cen
73473,Del,Lib
73540,Pi-1,Oct
73555,Bet,Boo
73568,Ome,Boo
73714,Sig,Lib
73745,Psi,Boo
73771,Pi-2,Oct
73776,Eta,Cir
73807,Pi,Lup
73945,Nu,Lib
74117,Lam,Lup
74296,Ome,Oct
74376,Kap-1,Lup
74380,Kap-2,Lup
74392,Iot-1,Lib
74395,Zet,Lup
74493,Iot-2,Lib
74596,Chi,Boo
74666,Del,Boo
74778,Del,Cir
74785,Bet,Lib
74824,Bet,Cir
74837,Eps,Cir
74911,Mu,Lup
74946,Gam,TrA
75049,Omi,CrB
75097,Gam,UMi
75118,Omi,Lib
75141,Del,Lup
75177,Phi-1,Lup
75181,Nu-2,Lup
75206,Nu-1,Lup
75264,Eps,Lup
75304,Phi-2,Lup
75312,Eta,CrB
75323,Gam,Cir
75379,Eps,Lib
75411,Mu-1,Boo
75415,Mu-2,Boo
75439,Ups,Lup
75458,Iot,Dra
75530,Tau-1,Ser
75695,Bet,CrB
75730,Zet-1,Lib
75944,Zet-3,Lib
75973,Nu-1,Boo
76008,The,UMi
76013,Kap-1,Aps
76041,Nu-2,Boo
76069,Tau-2,Ser
76126,Zet-4,Lib
76127,The,CrB
76267,Alp,CrB
76276,Del,Ser
76297,Gam,Lup
76307,Mu,CrB
76333,Gam,Lib
76337,Tau-3,Ser
76423,Tau-4,Ser
76424,Tau-5,Ser
76440,Eps,TrA
76470,Ups,Lib
76534,Phi,Boo
76552,Ome,Lup
76600,Tau,Lib
76669,Zet-1,CrB
76705,Psi-1,Lup
76750,Kap-2,Aps
76810,Tau-6,Ser
76852,Iot,Ser
76866,Chi,Ser
76878,Tau-7,Ser
76880,Kap,Lib
76945,Psi-2,Lup
76952,Gam,CrB
76996,Rho,Oct
77048,Pi,CrB
77052,Psi,Ser
77055,Zet,UMi
77060,Eta,Lib
77070,Alp,Ser
77111,Tau-8,Ser
77233,Bet,Ser
77257,Lam,Ser
77336,Ups,Ser
77450,Kap,Ser
77512,Del,CrB
77516,Mu,Ser
77578,Ome,Ser
77622,Eps,Ser
77634,Chi,Lup
77655,Kap,CrB
77661,Rho,Ser
77760,Chi,Her
77811,Lam,Lib
77853,The,Lib
77952,Bet,TrA
77982,Kap,TrA
78012,Lam,CrB
78072,Gam,Ser
78104,Rho,Sco
78105,Xi-1,Lup
78106,Xi-2,Lup
78132,Phi,Ser
78159,Eps,CrB
78265,Pi,Sco
78384,Eta,Lup
78401,Del,Sco
78459,Rho,CrB
78493,Iot,CrB
78527,The,Dra
78554,Pi,Ser
78592,Ups,Her
78639,Eta,Nor
78662,Iot-1,Nor
78820,Bet-1,Sco
78821,Bet-2,Sco
78914,Del,Nor
78918,The,Lup
78933,Ome-1,Sco
78990,Ome-2,Sco
79043,Kap,Her
79045,Kap,Her
79101,Phi,Her
79119,Tau,CrB
79153,Iot-2,Nor
79374,Nu,Sco
79375,Psi,Sco
79497,Zet,Nor
79509,Kap,Nor
79540,Chi,Sco
79593,Del,Oph
79607,Sig,CrB
79653,The,Nor
79664,Del,TrA
79757,Ups,CrB
79790,Gam-1,Nor
79822,Eta,UMi
79882,Eps,Oph
79963,Lam,Nor
79992,Tau,Her
80000,Gam-2,Nor
80047,Del-1,Aps
80057,Del-2,Aps
80079,Omi,Sco
80112,Sig,Sco
80170,Gam,Her
80179,Sig,Ser
80181,Xi,CrB
80197,Nu-1,CrB
80214,Nu-2,CrB
80331,Eta,Dra
80343,Psi,Oph
80463,Ome,Her
80473,Rho,Oph
80569,Chi,Oph
80582,Eps,Nor
80628,Ups,Oph
80645,Iot,TrA
80686,Zet,TrA
80763,Alp,Sco
80816,Bet,Her
80883,Lam,Oph
80894,Phi,Oph
80975,Ome,Oph
81065,Gam,Aps
81122,Mu,Nor
81126,Sig,Her
81252,The,TrA
81266,Tau,Sco
81377,Zet,Oph
81693,Zet,Her
81710,Eta-1,TrA
81833,Eta,Her
81852,Bet,Aps
82080,Eps,UMi
82273,Alp,TrA
82363,Eta,Ara
82396,Eps,Sco
82514,Mu-1,Sco
82545,Mu-2,Sco
82671,Zet-1,Sco
82673,Iot,Oph
82729,Zet-2,Sco
83000,Kap,Oph
83081,Zet,Ara
83153,Eps-1,Ara
83207,Eps,Her
83431,Eps-2,Ara
83608,Mu,Dra
83895,Zet,Dra
84012,Eta,Oph
84143,Eta,Sco
84345,Alp-1,Her
84379,Del,Her
84380,Pi,Her
84535,Lam,UMi
84625,Omi,Oph
84626,Omi,Oph
84880,Nu,Ser
84893,Xi,Oph
84969,Zet,Aps
84970,The,Oph
84979,Iot,Aps
85079,Iot,Ara
85112,Rho,Her
85258,Bet,Ara
85267,Gam,Ara
85312,Kap,Ara
85355,Sig,Oph
85670,Bet,Dra
85693,Lam,Her
85696,Ups,Sco
85727,Del,Ara
85792,Alp,Ara
85819,Nu-1,Dra
85822,Del,UMi
85829,Nu-2,Dra
85927,Lam,Sco
86032,Alp,Oph
86092,Sig,Ara
86201,Ome,Dra
86228,The,Sco
86263,Xi,Ser
86284,Mu,Oph
86305,Pi,Ara
86414,Iot,Her
86486,Lam,Ara
86565,Omi,Ser
86614,Psi-1,Dra
86620,Psi-1,Dra
86670,Kap,Sco
86742,Bet,Oph
86796,Mu,Ara
86929,Eta,Pav
86974,Mu,Her
87073,Iot-1,Sco
87108,Gam,Oph
87294,Iot-2,Sco
87585,Xi,Dra
87728,Psi-2,Dra
87808,The,Her
87833,Gam,Dra
87933,Xi,Her
87998,Nu,Her
88048,Nu,Oph
88175,Zet,Ser
88404,Tau,Oph
88567,Gam-1,Sgr
88635,Gam-2,Sgr
88714,The,Ara
88794,Omi,Her
88866,Pi,Pav
89042,Iot,Pav
89112,Eps,Tel
89341,Mu,Sgr
89642,Eta,Sgr
89826,Kap,Lyr
89908,Phi,Dra
89931,Del,Sgr
89937,Chi,Dra
89962,Eta,Ser
90098,Xi,Pav
90133,Phi,Oct
90135,Zet,Sct
90185,Eps,Sgr
90191,Mu,Lyr
90422,Alp,Tel
90496,Lam,Sgr
90568,Zet,Tel
90595,Gam,Sct
90797,Nu,Pav
90830,Del-1,Tel
90853,Del-2,Tel
90969,Kap-2,CrA
90968,Kap-1,CrA
90982,The,CrA
91117,Alp,Sct
91262,Alp,Lyr
91726,Del,Sct
91792,Zet,Pav
91845,Eps,Sct
91875,Lam,CrA
91919,Eps-1,Lyr
91926,Eps-2,Lyr
91971,Zet-1,Lyr
91973,Zet-2,Lyr
92041,Phi,Sgr
92175,Bet,Sct
92226,Mu,CrA
92294,The,Pav
92308,Eta-1,CrA
92382,Eta-2,CrA
92398,Nu-1,Lyr
92405,Nu-2,Lyr
92420,Bet,Lyr
92512,Omi,Dra
92609,Lam,Pav
92646,Kap,Tel
92728,Del-1,Lyr
92761,Nu-1,Sgr
92782,Ups,Dra
92791,Del-2,Lyr
92824,Chi,Oct
92845,Nu-2,Sgr
92855,Sig,Sgr
92946,The-1,Ser
92951,The-2,Ser
93015,Kap,Pav
93026,Eta,Sct
93057,Xi-1,Sgr
93085,Xi-2,Sgr
93148,Lam,Tel
93163,Ome,Pav
93174,Eps,CrA
93194,Gam,Lyr
93244,Eps,Aql
93279,Lam,Lyr
93506,Zet,Sgr
93542,Zet,CrA
93683,Omi,Sgr
93747,Zet,Aql
93805,Lam,Aql
93815,Rho,Tel
93825,Gam,CrA
93864,Tau,Sgr
93903,Iot,Lyr
94005,Del,CrA
94114,Alp,CrA
94141,Pi,Sgr
94160,Bet,CrA
94376,Del,Dra
94481,Eta,Lyr
94643,Psi,Sgr
94648,Tau,Dra
94713,The,Lyr
94724,Tau,Pav
94779,Kap,Cyg
94834,Ome-1,Aql
95002,Ome-2,Aql
95081,Pi,Dra
95168,Rho-1,Sgr
95176,Ups,Sgr
95188,Rho-2,Sgr
95241,Bet-1,Sgr
95261,Eta,Tel
95294,Bet-2,Sgr
95347,Alp,Sgr
95477,Chi-1,Sgr
95486,Chi-2,Sgr
95503,Chi-3,Sgr
95501,Del,Aql
95585,Nu,Aql
95656,Iot-1,Cyg
95771,Alp,Vul
95853,Iot-2,Cyg
95932,Mu,Tel
95947,Bet-1,Cyg
95951,Bet-2,Cyg
96100,Sig,Dra
96229,Mu,Aql
96341,Iot,Tel
96441,The,Cyg
96468,Iot,Aql
96483,Kap,Aql
96516,Eps,Sge
96665,Sig,Aql
96683,Phi,Cyg
96757,Alp,Sge
96837,Bet,Sge
96957,Chi,Aql
97139,Psi,Aql
97165,Del,Cyg
97229,Ups,Aql
97278,Gam,Aql
97365,Del,Sge
97421,Nu,Tel
97433,Eps,Dra
97473,Pi,Aql
97496,Zet,Sge
97629,Chi,Cyg
97649,Alp,Aql
97675,Omi,Aql
97804,Eta,Aql
97938,Xi,Aql
98032,Iot,Sgr
98036,Bet,Aql
98055,Psi,Cyg
98066,Ome,Sgr
98103,Phi,Aql
98110,Eta,Cyg
98337,Gam,Sge
98412,The-1,Sgr
98421,The-2,Sgr
98478,Mu-1,Pav
98495,Eps,Pav
98624,Mu-2,Pav
98702,Rho,Dra
98823,Tau,Aql
98920,Eta,Sge
99120,Xi,Tel
99240,Del,Pav
99255,Kap,Cep
99352,The,Sge
99473,The,Aql
99529,Xi-1,Cap
99572,Xi-2,Cap
99742,Rho,Aql
100027,Alp-1,Cap
100064,Alp-2,Cap
100195,Sig,Cap
100310,Nu,Cap
100345,Bet,Cap
100453,Gam,Cyg
100469,Kap-1,Sgr
100591,Kap-2,Sgr
100751,Alp,Pav
100881,Pi,Cap
101027,Rho,Cap
101093,The,Cep
101120,Omi,Cap
101123,Omi,Cap
101138,Ome-1,Cyg
101243,Ome-2,Cyg
101421,Eps,Del
101477,Nu,Mic
101483,Eta,Del
101589,Zet,Del
101612,Phi-1,Pav
101769,Bet,Del
101772,Alp,Ind
101773,Rho,Pav
101800,Iot,Del
101882,The,Del
101916,Kap,Del
101923,Tau,Cap
101958,Alp,Del
101983,Phi-2,Pav
101984,Ups,Cap
102098,Alp,Cyg
102125,Mu-2,Oct
102157,Ups,Pav
102162,Mu-1,Oct
102281,Del,Del
102333,Eta,Ind
102395,Bet,Pav
102422,Eta,Cep
102485,Psi,Cap
102488,Eps,Cyg
102531,Gam-1,Del
102532,Gam-2,Del
102589,Lam,Cyg
102618,Eps,Aqr
102693,Iot,Mic
102773,Sig,Pav
102790,Zet,Ind
102831,Alp,Mic
102950,Iot,Ind
102978,Ome,Cap
102989,Bet,Mic
103045,Mu,Aqr
103227,Bet,Ind
103413,Nu,Cyg
103569,Eps,Equ
103738,Gam,Mic
103882,Zet,Mic
104019,Eta,Cap
104043,Alp,Oct
104060,Xi,Cyg
104085,Mu,Ind
104139,The,Cap
104148,Del,Mic
104177,Eta,Mic
104365,Chi,Cap
104382,Sig,Oct
104459,Nu,Aqr
104521,Gam,Equ
104732,Zet,Cyg
104755,Omi,Pav
104858,Del,Equ
104887,Tau,Cyg
104963,Phi,Cap
104987,Alp,Equ
105102,Sig,Cyg
105138,Ups,Cyg
105140,Eps,Mic
105199,Alp,Cep
105319,The,Ind
105382,The-1,Mic
105515,Iot,Cap
105570,Bet,Equ
105696,The-2,Mic
105841,Gam,Ind
105858,Gam,Pav
105881,Zet,Cap
106032,Bet,Cep
106278,Bet,Aqr
106327,Xi,Gru
106481,Rho,Cyg
106723,Eps,Cap
106786,Xi,Aqr
106985,Gam,Cap
107089,Nu,Oct
107136,Pi-1,Cyg
107188,Kap,Cap
107259,Mu,Cep
107310,Mu-1,Cyg
107315,Eps,Peg
107354,Kap,Peg
107380,Iot,PsA
107418,Nu,Cep
107517,Lam,Cap
107533,Pi-2,Cyg
107556,Del,Cap
107608,The,PsA
107835,Omi,Ind
107843,Lam,Oct
108036,Mu,Cap
108085,Gam,Gru
108281,Pi,Ind
108431,Del,Ind
108478,Kap-1,Ind
108661,Eta,PsA
108870,Eps,Ind
108874,Omi,Aqr
108917,Xi,Cep
109068,Nu,Peg
109074,Alp,Aqr
109081,Kap-2,Ind
109111,Lam,Gru
109139,Iot,Aqr
109176,Iot,Peg
109268,Alp,Gru
109285,Mu,PsA
109289,Ups,PsA
109352,Pi-1,Peg
109410,Pi-2,Peg
109422,Tau,PsA
109427,The,Peg
109492,Zet,Cep
109556,Lam,Cep
109789,Lam,PsA
109857,Eps,Cep
109908,Mu-1,Gru
109973,Mu-2,Gru
110003,The,Aqr
110078,Psi,Oct
110130,Alp,Tuc
110256,Eps,Oct
110273,Rho,Aqr
110395,Gam,Aqr
110478,Pi-1,Gru
110506,Pi-2,Gru
110538,Bet,Lac
110618,Nu,Ind
110672,Pi,Aqr
110787,Rho-1,Cep
110838,Del,Tuc
110936,Nu,Gru
110960,Zet-1,Aqr
110991,Del,Cep
110997,Del-1,Gru
111043,Del-2,Gru
111056,Rho-2,Cep
111123,Sig,Aqr
111138,Zet,PsA
111169,Alp,Lac
111188,Bet,PsA
111196,Ups,Oct
111310,Nu,Tuc
111449,Ups,Aqr
111497,Eta,Aqr
111594,Sig-1,Gru
111643,Sig-2,Gru
111710,Kap,Aqr
111954,Eps,PsA
112029,Zet,Peg
112051,Omi,Peg
112122,Bet,Gru
112158,Eta,Peg
112203,Rho,Gru
112374,Eta,Gru
112405,Bet,Oct
112440,Lam,Peg
112447,Xi,Peg
112542,Tau-1,Aqr
112623,Eps,Gru
112716,Tau-2,Aqr
112724,Iot,Cep
112748,Mu,Peg
112781,Xi,Oct
112935,Sig,Peg
112948,Gam,PsA
112961,Lam,Aqr
113044,Tau-1,Gru
113136,Del,Aqr
113137,Rho,Ind
113186,Rho,Peg
113246,Del,PsA
113307,Tau-3,Gru
113368,Alp,PsA
113638,Zet,Gru
113726,Omi,And
113860,Pi,PsA
113881,Bet,Peg
113889,Bet,Psc
113957,Kap,Gru
113963,Alp,Peg
114131,The,Gru
114132,Ups,Gru
114222,Pi,Cep
114421,Iot,Gru
114724,Phi,Aqr
114855,Psi-1,Aqr
114939,Chi,Aqr
114971,Gam,Psc
114996,Gam,Tuc
115033,Psi-2,Aqr
115054,Phi,Gru
115088,Omi,Cep
115102,Gam,Scl
115115,Psi-3,Aqr
115250,Tau,Peg
115623,Ups,Peg
115713,Omi,Gru
115738,Kap,Psc
115830,The,Psc
115836,Tau,Oct
116231,Bet,Scl
116389,Iot,Phe
116584,Lam,And
116631,Iot,And
116727,Gam,Cep
116737,The,Phe
116758,Ome-1,Aqr
116771,Iot,Psc
116805,Kap,And
116820,Mu,Scl
116928,Lam,Psc
116971,Ome-2,Aqr
117221,Psi,And
117301,Tau,Cas
117315,Sig,Phe
117452,Del,Scl
117689,Gam-1,Oct
117718,Phi,Peg
117863,Rho,Cas
118114,Gam-2,Oct
118121,Eta,Tuc
118131,Psi,Peg
118234,Pi,Phe
118243,Sig,Cas
118268,Ome,Psc
118322,Eps,Tuc
